actionNumber,actionType,clock,description,isFieldGoal,location,period,personId,playerName,playerNameI,pointsTotal,scoreAway,scoreHome,shotDistance,shotResult,subType,teamId,teamTricode,videoAvailable,xLegacy,yLegacy,video_url,video_id,data_split_id,delexicalized_description,players_in_description,action_type_code
0.0,,,,0.0,,0.0,0.9999809706094132,,,0.0,0.5126050420168067,0.3063063063063063,0.0,,,1.0,,0.0,0.5010752688172043,0.07457627118644068,,0.0,,,,
0.004329004329004328,,,,1.0,,0.0,0.06209842614662821,,,0.008620689655172414,0.0,0.0,0.43333333333333335,,,0.999999993791183,,0.0,0.6193548387096774,0.47118644067796606,,0.003048780487802105,,,,
0.007215007215007216,,,,1.0,,0.0,0.9999643966240633,,,0.021551724137931036,0.0,0.02702702702702703,0.8666666666666667,,,1.0,,0.0,0.34838709677419355,0.9288135593220339,,0.00609756097560421,,,,
0.0101010101010101,,,,0.0,,0.0,0.06209842614662821,,,0.0,0.5126050420168067,0.3063063063063063,0.0,,,0.999999993791183,,0.0,0.5010752688172043,0.07457627118644068,,0.009146341463406316,,,,
0.011544011544011544,,,,1.0,,0.0,0.9982229004597133,,,0.030172413793103446,0.0,0.04504504504504504,0.0,,,1.0,,0.0,0.49677419354838714,0.08813559322033898,,0.01219512195120842,,,,
0.012987012987012988,,,,1.0,,0.0,0.12373278070346133,,,0.03879310344827586,0.01680672268907563,0.04504504504504504,0.03333333333333333,,,0.999999993791183,,0.0,0.4903225806451613,0.1016949152542373,,0.015243902439010526,,,,
0.015873015873015872,,,,0.0,,0.0,0.9999533473004968,,,0.0,0.5126050420168067,0.3063063063063063,0.0,,,0.999999993791183,,0.0,0.5010752688172043,0.07457627118644068,,0.01829268292681263,,,,
0.4329004329004329,,,,0.0,,0.3333333333333333,0.1251845390498441,,,0.0,0.5126050420168067,0.3063063063063063,0.0,,,0.999999993791183,,0.0,0.5010752688172043,0.07457627118644068,,0.4634146341463463,,,,
0.4329004329004329,,,,0.0,,0.3333333333333333,0.1251845390498441,,,0.0,0.5126050420168067,0.3063063063063063,0.0,,,0.999999993791183,,0.0,0.5010752688172043,0.07457627118644068,,0.4634146341463463,,,,
0.4329004329004329,,,,0.0,,0.3333333333333333,0.1251845390498441,,,0.0,0.5126050420168067,0.3063063063063063,0.0,,,0.999999993791183,,0.0,0.5010752688172043,0.07457627118644068,,0.4634146341463463,,,,
0.4329004329004329,,,,0.0,,0.3333333333333333,0.1251845390498441,,,0.0,0.5126050420168067,0.3063063063063063,0.0,,,0.999999993791183,,0.0,0.5010752688172043,0.07457627118644068,,0.4634146341463463,,,,
0.4329004329004329,,,,0.0,,0.3333333333333333,0.1251845390498441,,,0.0,0.5126050420168067,0.3063063063063063,0.0,,,0.999999993791183,,0.0,0.5010752688172043,0.07457627118644068,,0.4634146341463463,,,,
0.02886002886002886,,,,1.0,,0.0,0.1244270465342262,,,0.04741379310344827,0.033613445378151266,0.04504504504504504,0.5666666666666667,,,0.999999993791183,,0.0,0.16344086021505377,0.3016949152542373,,0.036585365853653684,,,,
0.031746031746031744,,,,0.0,,0.0,0.06209842614662821,,,0.0,0.5126050420168067,0.3063063063063063,0.0,,,0.999999993791183,,0.0,0.5010752688172043,0.07457627118644068,,0.03963414634145579,,,,
0.034632034632034625,,,,1.0,,0.0,0.9999643966240633,,,0.05603448275862069,0.033613445378151266,0.06306306306306306,0.03333333333333333,,,1.0,,0.0,0.5075268817204301,0.08813559322033898,,0.042682926829257894,,,,
0.03607503607503608,,,,1.0,,0.0,0.12373278070346133,,,0.06465517241379311,0.05042016806722689,0.06306306306306306,0.7333333333333333,,,0.999999993791183,,0.0,0.058064516129032295,0.376271186440678,,0.04573170731706,,,,
0.03896103896103896,,,,1.0,,0.0,0.9999809706094132,,,0.07327586206896551,0.05042016806722689,0.08108108108108109,0.0,,,1.0,,0.0,0.5075268817204301,0.07796610169491526,,0.048780487804862105,,,,
0.04184704184704184,,,,0.0,,0.0,0.9999533473004968,,,0.0,0.5126050420168067,0.3063063063063063,0.0,,,0.999999993791183,,0.0,0.5010752688172043,0.07457627118644068,,0.05182926829266421,,,,
0.044733044733044736,,,,1.0,,0.0,0.9982229004597133,,,0.08189655172413793,0.05042016806722689,0.0990990990990991,0.03333333333333333,,,1.0,,0.0,0.49892473118279573,0.054237288135593226,,0.05487804878049474,,,,
0.047619047619047616,,,,0.0,,0.0,0.9982229004597133,,,0.0,0.5126050420168067,0.3063063063063063,0.0,,,1.0,,0.0,0.5010752688172043,0.07457627118644068,,0.05792682926829684,,,,
0.05050505050505051,,,,0.0,,0.0,0.1251845390498441,,,0.0,0.5126050420168067,0.3063063063063063,0.0,,,1.0,,0.0,0.5010752688172043,0.07457627118644068,,0.06097560975609895,,,,
0.05339105339105339,,,,0.0,,0.0,0.06209842614662821,,,0.0,0.5126050420168067,0.3063063063063063,0.0,,,0.999999993791183,,0.0,0.5010752688172043,0.07457627118644068,,0.06402439024390105,,,,
0.05483405483405483,,,,0.0,,0.0,0.9999809706094132,,,0.0,0.5126050420168067,0.3063063063063063,0.0,,,1.0,,0.0,0.5010752688172043,0.07457627118644068,,0.06707317073170316,,,,
0.4329004329004329,,,,0.0,,0.3333333333333333,0.1251845390498441,,,0.0,0.5126050420168067,0.3063063063063063,0.0,,,0.999999993791183,,0.0,0.5010752688172043,0.07457627118644068,,0.4634146341463463,,,,
0.4329004329004329,,,,0.0,,0.3333333333333333,0.1251845390498441,,,0.0,0.5126050420168067,0.3063063063063063,0.0,,,0.999999993791183,,0.0,0.5010752688172043,0.07457627118644068,,0.4634146341463463,,,,
0.05916305916305915,,,,0.0,,0.0,0.9999809706094132,,,0.0,0.5126050420168067,0.3063063063063063,0.0,,,1.0,,0.0,0.5010752688172043,0.07457627118644068,,0.07621951219510947,,,,
0.06204906204906205,,,,1.0,,0.0,0.1244270465342262,,,0.09482758620689655,0.07563025210084033,0.0990990990990991,0.8666666666666667,,,0.999999993791183,,0.0,0.789247311827957,0.8203389830508475,,0.07926829268291158,,,,
0.4329004329004329,,,,0.0,,0.3333333333333333,0.1251845390498441,,,0.0,0.5126050420168067,0.3063063063063063,0.0,,,0.999999993791183,,0.0,0.5010752688172043,0.07457627118644068,,0.4634146341463463,,,,
0.4329004329004329,,,,0.0,,0.3333333333333333,0.1251845390498441,,,0.0,0.5126050420168067,0.3063063063063063,0.0,,,0.999999993791183,,0.0,0.5010752688172043,0.07457627118644068,,0.4634146341463463,,,,
0.06782106782106782,,,,1.0,,0.0,0.1244270465342262,,,0.10344827586206896,0.09243697478991597,0.0990990990990991,0.03333333333333333,,,0.999999993791183,,0.0,0.4903225806451613,0.10847457627118645,,0.08841463414634632,,,,
0.07215007215007214,,,,0.0,,0.0,0.1251845390498441,,,0.0,0.5126050420168067,0.3063063063063063,0.0,,,1.0,,0.0,0.5010752688172043,0.07457627118644068,,0.09146341463414842,,,,
0.07503607503607503,,,,0.0,,0.0,0.1244270465342262,,,0.0,0.5126050420168067,0.3063063063063063,0.0,,,0.999999993791183,,0.0,0.5010752688172043,0.07457627118644068,,0.09451219512195053,,,,
0.07647907647907648,,,,1.0,,0.0,0.9982229004597133,,,0.11206896551724138,0.09243697478991597,0.11711711711711711,0.36666666666666664,,,1.0,,0.0,0.7118279569892474,0.24406779661016947,,0.09756097560975263,,,,
0.07792207792207792,,,,1.0,,0.0,0.12420667391420447,,,0.12068965517241378,0.1092436974789916,0.11711711711711711,0.7,,,0.999999993791183,,0.0,0.14408602150537636,0.5186440677966102,,0.10060975609755474,,,,
0.0808080808080808,,,,0.0,,0.0,0.9999533473004968,,,0.0,0.5126050420168067,0.3063063063063063,0.0,,,0.999999993791183,,0.0,0.5010752688172043,0.07457627118644068,,0.10365853658535684,,,,
0.08658008658008658,,,,0.0,,0.0,0.1244270465342262,,,0.0,0.5126050420168067,0.3063063063063063,0.0,,,0.999999993791183,,0.0,0.5010752688172043,0.07457627118644068,,0.10670731707315895,,,,
0.4329004329004329,,,,0.0,,0.3333333333333333,0.1251845390498441,,,0.0,0.5126050420168067,0.3063063063063063,0.0,,,0.999999993791183,,0.0,0.5010752688172043,0.07457627118644068,,0.4634146341463463,,,,
0.4329004329004329,,,,0.0,,0.3333333333333333,0.1251845390498441,,,0.0,0.5126050420168067,0.3063063063063063,0.0,,,0.999999993791183,,0.0,0.5010752688172043,0.07457627118644068,,0.4634146341463463,,,,
0.4329004329004329,,,,0.0,,0.3333333333333333,0.1251845390498441,,,0.0,0.5126050420168067,0.3063063063063063,0.0,,,0.999999993791183,,0.0,0.5010752688172043,0.07457627118644068,,0.4634146341463463,,,,
0.4329004329004329,,,,0.0,,0.3333333333333333,0.1251845390498441,,,0.0,0.5126050420168067,0.3063063063063063,0.0,,,0.999999993791183,,0.0,0.5010752688172043,0.07457627118644068,,0.4634146341463463,,,,
0.09668109668109667,,,,1.0,,0.0,0.1244270465342262,,,0.12931034482758622,0.12605042016806722,0.11711711711711711,0.1,,,0.999999993791183,,0.0,0.44731182795698926,0.09491525423728814,,0.1219512195121979,,,,
0.4329004329004329,,,,0.0,,0.3333333333333333,0.1251845390498441,,,0.0,0.5126050420168067,0.3063063063063063,0.0,,,0.999999993791183,,0.0,0.5010752688172043,0.07457627118644068,,0.4634146341463463,,,,
0.4329004329004329,,,,0.0,,0.3333333333333333,0.1251845390498441,,,0.0,0.5126050420168067,0.3063063063063063,0.0,,,0.999999993791183,,0.0,0.5010752688172043,0.07457627118644068,,0.4634146341463463,,,,
0.10101010101010101,,,,0.0,,0.0,0.1244270465342262,,,0.0,0.5126050420168067,0.3063063063063063,0.0,,,0.999999993791183,,0.0,0.5010752688172043,0.07457627118644068,,0.1310975609756042,,,,
0.4329004329004329,,,,0.0,,0.3333333333333333,0.1251845390498441,,,0.0,0.5126050420168067,0.3063063063063063,0.0,,,0.999999993791183,,0.0,0.5010752688172043,0.07457627118644068,,0.4634146341463463,,,,
0.4329004329004329,,,,0.0,,0.3333333333333333,0.1251845390498441,,,0.0,0.5126050420168067,0.3063063063063063,0.0,,,0.999999993791183,,0.0,0.5010752688172043,0.07457627118644068,,0.4634146341463463,,,,
0.10678210678210678,,,,1.0,,0.0,0.12373278070346133,,,0.13793103448275862,0.14285714285714285,0.11711711711711711,0.03333333333333333,,,0.999999993791183,,0.0,0.48817204301075273,0.09152542372881356,,0.14024390243901053,,,,
0.10966810966810966,,,,1.0,,0.0,0.1251845390498441,,,0.14655172413793102,0.14285714285714285,0.13513513513513514,0.3,,,1.0,,0.0,0.6881720430107527,0.1152542372881356,,0.14329268292681263,,,,
0.1111111111111111,,,,0.0,,0.0,0.9999809706094132,,,0.0,0.5126050420168067,0.3063063063063063,0.0,,,1.0,,0.0,0.5010752688172043,0.07457627118644068,,0.14634146341461474,,,,
0.12409812409812408,,,,1.0,,0.0,0.1244270465342262,,,0.0,0.5126050420168067,0.3063063063063063,0.5,,,0.999999993791183,,0.0,0.4774193548387097,0.5932203389830509,,0.14939024390244526,,,,
0.4329004329004329,,,,0.0,,0.3333333333333333,0.1251845390498441,,,0.0,0.5126050420168067,0.3063063063063063,0.0,,,0.999999993791183,,0.0,0.5010752688172043,0.07457627118644068,,0.4634146341463463,,,,
0.4329004329004329,,,,0.0,,0.3333333333333333,0.1251845390498441,,,0.0,0.5126050420168067,0.3063063063063063,0.0,,,0.999999993791183,,0.0,0.5010752688172043,0.07457627118644068,,0.4634146341463463,,,,
0.13131313131313133,,,,1.0,,0.0,0.06209842614662821,,,0.15948275862068964,0.1680672268907563,0.13513513513513514,0.03333333333333333,,,0.999999993791183,,0.0,0.5118279569892473,0.11864406779661017,,0.15853658536585158,,,,
0.4329004329004329,,,,0.0,,0.3333333333333333,0.1251845390498441,,,0.0,0.5126050420168067,0.3063063063063063,0.0,,,0.999999993791183,,0.0,0.5010752688172043,0.07457627118644068,,0.4634146341463463,,,,
0.4329004329004329,,,,0.0,,0.3333333333333333,0.1251845390498441,,,0.0,0.5126050420168067,0.3063063063063063,0.0,,,0.999999993791183,,0.0,0.5010752688172043,0.07457627118644068,,0.4634146341463463,,,,
0.4329004329004329,,,,0.0,,0.3333333333333333,0.1251845390498441,,,0.0,0.5126050420168067,0.3063063063063063,0.0,,,0.999999993791183,,0.0,0.5010752688172043,0.07457627118644068,,0.4634146341463463,,,,
0.4329004329004329,,,,0.0,,0.3333333333333333,0.1251845390498441,,,0.0,0.5126050420168067,0.3063063063063063,0.0,,,0.999999993791183,,0.0,0.5010752688172043,0.07457627118644068,,0.4634146341463463,,,,
0.14141414141414144,,,,1.0,,0.0,0.1244270465342262,,,0.16810344827586207,0.18487394957983194,0.13513513513513514,0.03333333333333333,,,0.999999993791183,,0.0,0.5010752688172043,0.054237288135593226,,0.1737804878048621,,,,
0.4329004329004329,,,,0.0,,0.3333333333333333,0.1251845390498441,,,0.0,0.5126050420168067,0.3063063063063063,0.0,,,0.999999993791183,,0.0,0.5010752688172043,0.07457627118644068,,0.4634146341463463,,,,
0.4329004329004329,,,,0.0,,0.3333333333333333,0.1251845390498441,,,0.0,0.5126050420168067,0.3063063063063063,0.0,,,0.999999993791183,,0.0,0.5010752688172043,0.07457627118644068,,0.4634146341463463,,,,
0.4329004329004329,,,,0.0,,0.3333333333333333,0.1251845390498441,,,0.0,0.5126050420168067,0.3063063063063063,0.0,,,0.999999993791183,,0.0,0.5010752688172043,0.07457627118644068,,0.4634146341463463,,,,
0.4329004329004329,,,,0.0,,0.3333333333333333,0.1251845390498441,,,0.0,0.5126050420168067,0.3063063063063063,0.0,,,0.999999993791183,,0.0,0.5010752688172043,0.07457627118644068,,0.4634146341463463,,,,
0.16305916305916307,,,,1.0,,0.0,0.1244270465342262,,,0.1810344827586207,0.21008403361344538,0.13513513513513514,0.0,,,0.999999993791183,,0.0,1.0,0.010169491525423735,,0.18902439024390105,,,,
0.1645021645021645,,,,0.0,,0.0,0.9982192173518577,,,0.0,0.5126050420168067,0.3063063063063063,0.0,,,1.0,,0.0,0.5010752688172043,0.07457627118644068,,0.19207317073170316,,,,
0.1673881673881674,,,,1.0,,0.0,0.062091059930917174,,,0.1939655172413793,0.23529411764705882,0.13513513513513514,0.8333333333333334,,,0.999999993791183,,0.0,0.5118279569892473,0.9084745762711864,,0.19512195121950526,,,,
0.17027417027417027,,,,1.0,,0.0,0.9982216727570947,,,0.20689655172413793,0.23529411764705882,0.16216216216216217,0.8333333333333334,,,1.0,,0.0,0.2559139784946237,0.8135593220338984,,0.19817073170730737,,,,
0.17316017316017318,,,,0.0,,0.0,1.0,,,0.0,0.5126050420168067,0.3063063063063063,0.0,,,1.0,,0.0,0.5010752688172043,0.07457627118644068,,0.20121951219510947,,,,
0.4329004329004329,,,,0.0,,0.3333333333333333,0.1251845390498441,,,0.0,0.5126050420168067,0.3063063063063063,0.0,,,0.999999993791183,,0.0,0.5010752688172043,0.07457627118644068,,0.4634146341463463,,,,
0.4329004329004329,,,,0.0,,0.3333333333333333,0.1251845390498441,,,0.0,0.5126050420168067,0.3063063063063063,0.0,,,0.999999993791183,,0.0,0.5010752688172043,0.07457627118644068,,0.4634146341463463,,,,
0.4329004329004329,,,,0.0,,0.3333333333333333,0.1251845390498441,,,0.0,0.5126050420168067,0.3063063063063063,0.0,,,0.999999993791183,,0.0,0.5010752688172043,0.07457627118644068,,0.4634146341463463,,,,
0.4329004329004329,,,,0.0,,0.3333333333333333,0.1251845390498441,,,0.0,0.5126050420168067,0.3063063063063063,0.0,,,0.999999993791183,,0.0,0.5010752688172043,0.07457627118644068,,0.4634146341463463,,,,
0.19336219336219337,,,,0.0,,0.0,0.9982136926900744,,,0.0,0.5126050420168067,0.3063063063063063,0.0,,,0.999999993791183,,0.0,0.5010752688172043,0.07457627118644068,,0.21646341463414842,,,,
0.20057720057720058,,,,1.0,,0.0,0.12398323203763645,,,0.0,0.5126050420168067,0.3063063063063063,0.0,,,0.999999993791183,,0.0,0.0,0.006779661016949157,,0.21951219512195053,,,,
0.4329004329004329,,,,0.0,,0.3333333333333333,0.1251845390498441,,,0.0,0.5126050420168067,0.3063063063063063,0.0,,,0.999999993791183,,0.0,0.5010752688172043,0.07457627118644068,,0.4634146341463463,,,,
0.4329004329004329,,,,0.0,,0.3333333333333333,0.1251845390498441,,,0.0,0.5126050420168067,0.3063063063063063,0.0,,,0.999999993791183,,0.0,0.5010752688172043,0.07457627118644068,,0.4634146341463463,,,,
0.2077922077922078,,,,1.0,,0.0,0.062091059930917174,,,0.23275862068965517,0.2773109243697479,0.17117117117117117,0.8333333333333334,,,0.999999993791183,,0.0,0.23225806451612907,0.7966101694915254,,0.22865853658535684,,,,
0.4329004329004329,,,,0.0,,0.3333333333333333,0.1251845390498441,,,0.0,0.5126050420168067,0.3063063063063063,0.0,,,0.999999993791183,,0.0,0.5010752688172043,0.07457627118644068,,0.4634146341463463,,,,
0.4329004329004329,,,,0.0,,0.3333333333333333,0.1251845390498441,,,0.0,0.5126050420168067,0.3063063063063063,0.0,,,0.999999993791183,,0.0,0.5010752688172043,0.07457627118644068,,0.4634146341463463,,,,
0.21212121212121213,,,,1.0,,0.0,0.12398323203763645,,,0.24568965517241378,0.3025210084033613,0.17117117117117117,0.8666666666666667,,,0.999999993791183,,0.0,0.9978494623655914,0.4440677966101695,,0.23780487804876316,,,,
0.215007215007215,,,,0.0,,0.0,0.0,,,0.24568965517241378,0.3025210084033613,0.17117117117117117,0.0,,,0.0,,0.0,0.5010752688172043,0.07457627118644068,,0.24085365853659368,,,,
0.21789321789321792,,,,1.0,,0.3333333333333333,0.9982216727570947,,,0.0,0.5126050420168067,0.3063063063063063,0.1,,,1.0,,0.0,0.4666666666666667,0.17966101694915254,,0.2439024390243958,,,,
0.4329004329004329,,,,0.0,,0.3333333333333333,0.1251845390498441,,,0.0,0.5126050420168067,0.3063063063063063,0.0,,,0.999999993791183,,0.0,0.5010752688172043,0.07457627118644068,,0.4634146341463463,,,,
0.4329004329004329,,,,0.0,,0.3333333333333333,0.1251845390498441,,,0.0,0.5126050420168067,0.3063063063063063,0.0,,,0.999999993791183,,0.0,0.5010752688172043,0.07457627118644068,,0.4634146341463463,,,,
0.227994227994228,,,,1.0,,0.3333333333333333,0.9982136926900744,,,0.2543103448275862,0.31932773109243695,0.17117117117117117,0.06666666666666667,,,0.999999993791183,,0.0,0.4946236559139785,0.12542372881355932,,0.2530487804878021,,,,
0.23088023088023088,,,,1.0,,0.3333333333333333,0.9982216727570947,,,0.2672413793103448,0.31932773109243695,0.1981981981981982,0.8333333333333334,,,1.0,,0.0,0.9505376344086022,0.5288135593220339,,0.2560975609756042,,,,
0.23232323232323232,,,,1.0,,0.3333333333333333,0.9982136926900744,,,0.27586206896551724,0.3361344537815126,0.1981981981981982,0.03333333333333333,,,0.999999993791183,,0.0,0.503225806451613,0.11864406779661017,,0.2591463414634063,,,,
0.23520923520923523,,,,1.0,,0.3333333333333333,0.9995752148939971,,,0.28448275862068967,0.3361344537815126,0.21621621621621623,0.03333333333333333,,,1.0,,0.0,0.5118279569892473,0.09830508474576272,,0.2621951219512084,,,,
0.2380952380952381,,,,1.0,,0.3333333333333333,0.12398323203763645,,,0.2974137931034483,0.36134453781512604,0.21621621621621623,0.8666666666666667,,,0.999999993791183,,0.0,0.49677419354838714,0.9593220338983051,,0.2652439024390105,,,,
0.4329004329004329,,,,0.0,,0.3333333333333333,0.1251845390498441,,,0.0,0.5126050420168067,0.3063063063063063,0.0,,,0.999999993791183,,0.0,0.5010752688172043,0.07457627118644068,,0.4634146341463463,,,,
0.4329004329004329,,,,0.0,,0.3333333333333333,0.1251845390498441,,,0.0,0.5126050420168067,0.3063063063063063,0.0,,,0.999999993791183,,0.0,0.5010752688172043,0.07457627118644068,,0.4634146341463463,,,,
0.24242424242424243,,,,1.0,,0.3333333333333333,0.9995752148939971,,,0.30603448275862066,0.36134453781512604,0.23423423423423423,0.03333333333333333,,,1.0,,0.0,0.5118279569892473,0.09152542372881356,,0.27439024390244526,,,,
0.4329004329004329,,,,0.0,,0.3333333333333333,0.1251845390498441,,,0.0,0.5126050420168067,0.3063063063063063,0.0,,,0.999999993791183,,0.0,0.5010752688172043,0.07457627118644068,,0.4634146341463463,,,,
0.4329004329004329,,,,0.0,,0.3333333333333333,0.1251845390498441,,,0.0,0.5126050420168067,0.3063063063063063,0.0,,,0.999999993791183,,0.0,0.5010752688172043,0.07457627118644068,,0.4634146341463463,,,,
0.24675324675324678,,,,0.0,,0.3333333333333333,1.0,,,0.0,0.5126050420168067,0.3063063063063063,0.0,,,1.0,,0.0,0.5010752688172043,0.07457627118644068,,0.2835365853658516,,,,
0.25252525252525254,,,,0.0,,0.3333333333333333,0.9982216727570947,,,0.0,0.5126050420168067,0.3063063063063063,0.0,,,1.0,,0.0,0.5010752688172043,0.07457627118644068,,0.2865853658536537,,,,
0.25396825396825395,,,,0.0,,0.3333333333333333,0.12398323203763645,,,0.0,0.5126050420168067,0.3063063063063063,0.0,,,0.999999993791183,,0.0,0.5010752688172043,0.07457627118644068,,0.2896341463414558,,,,
0.4329004329004329,,,,0.0,,0.3333333333333333,0.1251845390498441,,,0.0,0.5126050420168067,0.3063063063063063,0.0,,,0.999999993791183,,0.0,0.5010752688172043,0.07457627118644068,,0.4634146341463463,,,,
0.4329004329004329,,,,0.0,,0.3333333333333333,0.1251845390498441,,,0.0,0.5126050420168067,0.3063063063063063,0.0,,,0.999999993791183,,0.0,0.5010752688172043,0.07457627118644068,,0.4634146341463463,,,,
0.25974025974025977,,,,1.0,,0.3333333333333333,0.9992394382278358,,,0.3189655172413793,0.3865546218487395,0.23423423423423423,0.0,,,0.999999993791183,,0.0,0.5010752688172043,0.0711864406779661,,0.2987804878048621,,,,
0.4329004329004329,,,,0.0,,0.3333333333333333,0.1251845390498441,,,0.0,0.5126050420168067,0.3063063063063063,0.0,,,0.999999993791183,,0.0,0.5010752688172043,0.07457627118644068,,0.4634146341463463,,,,
0.4329004329004329,,,,0.0,,0.3333333333333333,0.1251845390498441,,,0.0,0.5126050420168067,0.3063063063063063,0.0,,,0.999999993791183,,0.0,0.5010752688172043,0.07457627118644068,,0.4634146341463463,,,,
0.27561327561327564,,,,1.0,,0.3333333333333333,0.9992394382278358,,,0.3275862068965517,0.40336134453781514,0.23423423423423423,0.3333333333333333,,,0.999999993791183,,0.0,0.7182795698924731,0.0,,0.30792682926829684,,,,
0.4329004329004329,,,,0.0,,0.3333333333333333,0.1251845390498441,,,0.0,0.5126050420168067,0.3063063063063063,0.0,,,0.999999993791183,,0.0,0.5010752688172043,0.07457627118644068,,0.4634146341463463,,,,
0.4329004329004329,,,,0.0,,0.3333333333333333,0.1251845390498441,,,0.0,0.5126050420168067,0.3063063063063063,0.0,,,0.999999993791183,,0.0,0.5010752688172043,0.07457627118644068,,0.4634146341463463,,,,
0.2813852813852814,,,,0.0,,0.3333333333333333,0.9999447533821673,,,0.0,0.5126050420168067,0.3063063063063063,0.0,,,1.0,,0.0,0.5010752688172043,0.07457627118644068,,0.31707317073170316,,,,
0.2842712842712843,,,,1.0,,0.3333333333333333,0.9982136926900744,,,0.0,0.5126050420168067,0.3063063063063063,0.06666666666666667,,,0.999999993791183,,0.0,0.5010752688172043,0.1288135593220339,,0.32012195121950526,,,,
0.4329004329004329,,,,0.0,,0.3333333333333333,0.1251845390498441,,,0.0,0.5126050420168067,0.3063063063063063,0.0,,,0.999999993791183,,0.0,0.5010752688172043,0.07457627118644068,,0.4634146341463463,,,,
0.4329004329004329,,,,0.0,,0.3333333333333333,0.1251845390498441,,,0.0,0.5126050420168067,0.3063063063063063,0.0,,,0.999999993791183,,0.0,0.5010752688172043,0.07457627118644068,,0.4634146341463463,,,,
0.29292929292929293,,,,0.0,,0.3333333333333333,0.1246842502328031,,,0.0,0.5126050420168067,0.3063063063063063,0.0,,,0.999999993791183,,0.0,0.5010752688172043,0.07457627118644068,,0.3292682926829116,,,,
0.2958152958152958,,,,1.0,,0.3333333333333333,0.001250415116947882,,,0.33620689655172414,0.40336134453781514,0.25225225225225223,0.6333333333333333,,,1.0,,0.0,0.7741935483870968,0.5694915254237288,,0.3323170731707137,,,,
0.2972582972582973,,,,1.0,,0.3333333333333333,0.9992394382278358,,,0.3448275862068966,0.42016806722689076,0.25225225225225223,0.43333333333333335,,,0.999999993791183,,0.0,0.3827956989247312,0.47118644067796606,,0.3353658536585442,,,,
0.4329004329004329,,,,0.0,,0.3333333333333333,0.1251845390498441,,,0.0,0.5126050420168067,0.3063063063063063,0.0,,,0.999999993791183,,0.0,0.5010752688172043,0.07457627118644068,,0.4634146341463463,,,,
0.4329004329004329,,,,0.0,,0.3333333333333333,0.1251845390498441,,,0.0,0.5126050420168067,0.3063063063063063,0.0,,,0.999999993791183,,0.0,0.5010752688172043,0.07457627118644068,,0.4634146341463463,,,,
0.30158730158730157,,,,0.0,,0.3333333333333333,0.9982229004597133,,,0.0,0.5126050420168067,0.3063063063063063,0.0,,,1.0,,0.0,0.5010752688172043,0.07457627118644068,,0.3445121951219505,,,,
0.4329004329004329,,,,0.0,,0.3333333333333333,0.1251845390498441,,,0.0,0.5126050420168067,0.3063063063063063,0.0,,,0.999999993791183,,0.0,0.5010752688172043,0.07457627118644068,,0.4634146341463463,,,,
0.4329004329004329,,,,0.0,,0.3333333333333333,0.1251845390498441,,,0.0,0.5126050420168067,0.3063063063063063,0.0,,,0.999999993791183,,0.0,0.5010752688172043,0.07457627118644068,,0.4634146341463463,,,,
0.4329004329004329,,,,0.0,,0.3333333333333333,0.1251845390498441,,,0.0,0.5126050420168067,0.3063063063063063,0.0,,,0.999999993791183,,0.0,0.5010752688172043,0.07457627118644068,,0.4634146341463463,,,,
0.4329004329004329,,,,0.0,,0.3333333333333333,0.1251845390498441,,,0.0,0.5126050420168067,0.3063063063063063,0.0,,,0.999999993791183,,0.0,0.5010752688172043,0.07457627118644068,,0.4634146341463463,,,,
0.31601731601731603,,,,0.0,,0.3333333333333333,0.9992394382278358,,,0.0,0.5126050420168067,0.3063063063063063,0.0,,,0.999999993791183,,0.0,0.5010752688172043,0.07457627118644068,,0.35975609756096105,,,,
0.32756132756132755,,,,0.0,,0.3333333333333333,0.12420667391420447,,,0.0,0.5126050420168067,0.3063063063063063,0.0,,,0.999999993791183,,0.0,0.5010752688172043,0.07457627118644068,,0.36280487804876316,,,,
0.3318903318903319,,,,1.0,,0.3333333333333333,0.9999447533821673,,,0.3706896551724138,0.4453781512605042,0.27927927927927926,0.8666666666666667,,,1.0,,0.0,0.5010752688172043,0.9457627118644067,,0.3658536585365937,,,,
0.4329004329004329,,,,0.0,,0.3333333333333333,0.1251845390498441,,,0.0,0.5126050420168067,0.3063063063063063,0.0,,,0.999999993791183,,0.0,0.5010752688172043,0.07457627118644068,,0.4634146341463463,,,,
0.4329004329004329,,,,0.0,,0.3333333333333333,0.1251845390498441,,,0.0,0.5126050420168067,0.3063063063063063,0.0,,,0.999999993791183,,0.0,0.5010752688172043,0.07457627118644068,,0.4634146341463463,,,,
0.33766233766233766,,,,1.0,,0.3333333333333333,0.9999447533821673,,,0.3793103448275862,0.4453781512605042,0.2972972972972973,0.03333333333333333,,,1.0,,0.0,0.5096774193548387,0.11186440677966103,,0.375,,,,
0.4329004329004329,,,,0.0,,0.3333333333333333,0.1251845390498441,,,0.0,0.5126050420168067,0.3063063063063063,0.0,,,0.999999993791183,,0.0,0.5010752688172043,0.07457627118644068,,0.4634146341463463,,,,
0.4329004329004329,,,,0.0,,0.3333333333333333,0.1251845390498441,,,0.0,0.5126050420168067,0.3063063063063063,0.0,,,0.999999993791183,,0.0,0.5010752688172043,0.07457627118644068,,0.4634146341463463,,,,
0.3564213564213564,,,,1.0,,0.3333333333333333,0.9982229004597133,,,0.0,0.5126050420168067,0.3063063063063063,0.8333333333333334,,,1.0,,0.0,0.1483870967741936,0.7355932203389831,,0.3841463414634063,,,,
0.36075036075036077,,,,0.0,,0.3333333333333333,0.9999533473004968,,,0.0,0.5126050420168067,0.3063063063063063,0.0,,,0.999999993791183,,0.0,0.5010752688172043,0.07457627118644068,,0.3871951219512084,,,,
0.3621933621933622,,,,0.0,,0.3333333333333333,0.12420667391420447,,,0.0,0.5126050420168067,0.3063063063063063,0.0,,,0.999999993791183,,0.0,0.5010752688172043,0.07457627118644068,,0.3902439024390105,,,,
0.4329004329004329,,,,0.0,,0.3333333333333333,0.1251845390498441,,,0.0,0.5126050420168067,0.3063063063063063,0.0,,,0.999999993791183,,0.0,0.5010752688172043,0.07457627118644068,,0.4634146341463463,,,,
0.4329004329004329,,,,0.0,,0.3333333333333333,0.1251845390498441,,,0.0,0.5126050420168067,0.3063063063063063,0.0,,,0.999999993791183,,0.0,0.5010752688172043,0.07457627118644068,,0.4634146341463463,,,,
0.37518037518037517,,,,1.0,,0.3333333333333333,0.06209842614662821,,,0.4051724137931034,0.48739495798319327,0.3063063063063063,0.03333333333333333,,,0.999999993791183,,0.0,0.49677419354838714,0.10508474576271187,,0.39939024390244526,,,,
0.37806637806637805,,,,0.0,,0.3333333333333333,0.9982229004597133,,,0.0,0.5126050420168067,0.3063063063063063,0.0,,,1.0,,0.0,0.5010752688172043,0.07457627118644068,,0.40243902439024737,,,,
0.4329004329004329,,,,0.0,,0.3333333333333333,0.1251845390498441,,,0.0,0.5126050420168067,0.3063063063063063,0.0,,,0.999999993791183,,0.0,0.5010752688172043,0.07457627118644068,,0.4634146341463463,,,,
0.4329004329004329,,,,0.0,,0.3333333333333333,0.1251845390498441,,,0.0,0.5126050420168067,0.3063063063063063,0.0,,,0.999999993791183,,0.0,0.5010752688172043,0.07457627118644068,,0.4634146341463463,,,,
0.4329004329004329,,,,0.0,,0.3333333333333333,0.1251845390498441,,,0.0,0.5126050420168067,0.3063063063063063,0.0,,,0.999999993791183,,0.0,0.5010752688172043,0.07457627118644068,,0.4634146341463463,,,,
0.4329004329004329,,,,0.0,,0.3333333333333333,0.1251845390498441,,,0.0,0.5126050420168067,0.3063063063063063,0.0,,,0.999999993791183,,0.0,0.5010752688172043,0.07457627118644068,,0.4634146341463463,,,,
0.38961038961038963,,,,1.0,,0.3333333333333333,0.12373278070346133,,,0.41810344827586204,0.5126050420168067,0.3063063063063063,0.8333333333333334,,,0.999999993791183,,0.0,0.6064516129032258,0.8983050847457628,,0.4176829268292579,,,,
0.3924963924963925,,,,1.0,,0.3333333333333333,0.1251845390498441,,,0.43103448275862066,0.5126050420168067,0.3333333333333333,0.8666666666666667,,,1.0,,0.0,0.5548387096774193,0.9423728813559322,,0.42073170731706,,,,
0.4329004329004329,,,,0.0,,0.3333333333333333,0.1251845390498441,,,0.0,0.5126050420168067,0.3063063063063063,0.0,,,0.999999993791183,,0.0,0.5010752688172043,0.07457627118644068,,0.4634146341463463,,,,
0.4329004329004329,,,,0.0,,0.3333333333333333,0.1251845390498441,,,0.0,0.5126050420168067,0.3063063063063063,0.0,,,0.999999993791183,,0.0,0.5010752688172043,0.07457627118644068,,0.4634146341463463,,,,
0.39826839826839827,,,,0.0,,0.3333333333333333,0.06209842614662821,,,0.0,0.5126050420168067,0.3063063063063063,0.0,,,0.999999993791183,,0.0,0.5010752688172043,0.07457627118644068,,0.42987804878049474,,,,
0.4054834054834055,,,,0.0,,0.3333333333333333,0.9982216727570947,,,0.0,0.5126050420168067,0.3063063063063063,0.0,,,1.0,,0.0,0.5010752688172043,0.07457627118644068,,0.43292682926829684,,,,
0.4329004329004329,,,,0.0,,0.3333333333333333,0.1251845390498441,,,0.0,0.5126050420168067,0.3063063063063063,0.0,,,0.999999993791183,,0.0,0.5010752688172043,0.07457627118644068,,0.4634146341463463,,,,
0.4329004329004329,,,,0.0,,0.3333333333333333,0.1251845390498441,,,0.0,0.5126050420168067,0.3063063063063063,0.0,,,0.999999993791183,,0.0,0.5010752688172043,0.07457627118644068,,0.4634146341463463,,,,
0.41125541125541126,,,,1.0,,0.3333333333333333,0.12373278070346133,,,0.0,0.5126050420168067,0.3063063063063063,0.8333333333333334,,,0.999999993791183,,0.0,0.9763440860215054,0.4440677966101695,,0.44207317073170316,,,,
0.4155844155844156,,,,0.0,,0.3333333333333333,0.06209842614662821,,,0.0,0.5126050420168067,0.3063063063063063,0.0,,,0.999999993791183,,0.0,0.5010752688172043,0.07457627118644068,,0.44512195121950526,,,,
0.42424242424242425,,,,0.0,,0.3333333333333333,0.9999533473004968,,,0.0,0.5126050420168067,0.3063063063063063,0.0,,,0.999999993791183,,0.0,0.5010752688172043,0.07457627118644068,,0.44817073170730737,,,,
0.4329004329004329,,,,0.0,,0.3333333333333333,0.1251845390498441,,,0.0,0.5126050420168067,0.3063063063063063,0.0,,,0.999999993791183,,0.0,0.5010752688172043,0.07457627118644068,,0.4634146341463463,,,,
0.4329004329004329,,,,0.0,,0.3333333333333333,0.1251845390498441,,,0.0,0.5126050420168067,0.3063063063063063,0.0,,,0.999999993791183,,0.0,0.5010752688172043,0.07457627118644068,,0.4634146341463463,,,,
0.4285714285714286,,,,1.0,,0.3333333333333333,0.12373278070346133,,,0.4525862068965517,0.5378151260504201,0.35135135135135137,0.7333333333333333,,,0.999999993791183,,0.0,0.07311827956989247,0.39999999999999997,,0.4573170731707137,,,,
0.4314574314574315,,,,1.0,,0.3333333333333333,0.9999447533821673,,,0.0,0.5126050420168067,0.3063063063063063,0.8666666666666667,,,1.0,,0.0,0.4150537634408602,0.9288135593220339,,0.4603658536585442,,,,
0.4329004329004329,,,,0.0,,0.3333333333333333,0.12373278070346133,,,0.0,0.5126050420168067,0.3063063063063063,0.0,,,0.999999993791183,,0.0,0.5010752688172043,0.07457627118644068,,0.4634146341463463,,,,
0.43722943722943725,,,,1.0,,0.3333333333333333,0.06209842614662821,,,0.46120689655172414,0.5546218487394957,0.35135135135135137,0.03333333333333333,,,0.999999993791183,,0.0,0.4903225806451613,0.07457627118644068,,0.4664634146341484,,,,
0.4401154401154401,,,,1.0,,0.3333333333333333,0.9982192173518577,,,0.4698275862068965,0.5546218487394957,0.36936936936936937,0.0,,,1.0,,0.0,0.5075268817204301,0.08135593220338984,,0.4695121951219505,,,,
0.443001443001443,,,,0.0,,0.3333333333333333,0.1244270465342262,,,0.0,0.5126050420168067,0.3063063063063063,0.0,,,0.999999993791183,,0.0,0.5010752688172043,0.07457627118644068,,0.47256097560975263,,,,
0.4329004329004329,,,,0.0,,0.3333333333333333,0.1251845390498441,,,0.0,0.5126050420168067,0.3063063063063063,0.0,,,0.999999993791183,,0.0,0.5010752688172043,0.07457627118644068,,0.4634146341463463,,,,
0.4329004329004329,,,,0.0,,0.3333333333333333,0.1251845390498441,,,0.0,0.5126050420168067,0.3063063063063063,0.0,,,0.999999993791183,,0.0,0.5010752688172043,0.07457627118644068,,0.4634146341463463,,,,
0.4329004329004329,,,,0.0,,0.3333333333333333,0.1251845390498441,,,0.0,0.5126050420168067,0.3063063063063063,0.0,,,0.999999993791183,,0.0,0.5010752688172043,0.07457627118644068,,0.4634146341463463,,,,
0.4329004329004329,,,,0.0,,0.3333333333333333,0.1251845390498441,,,0.0,0.5126050420168067,0.3063063063063063,0.0,,,0.999999993791183,,0.0,0.5010752688172043,0.07457627118644068,,0.4634146341463463,,,,
0.46320346320346323,,,,0.0,,0.6666666666666667,0.06209842614662821,,,0.0,0.5126050420168067,0.3063063063063063,0.0,,,0.999999993791183,,0.0,0.5010752688172043,0.07457627118644068,,0.48780487804876316,,,,
0.4660894660894661,,,,0.0,,0.6666666666666667,0.12420667391420447,,,0.0,0.5126050420168067,0.3063063063063063,0.0,,,0.999999993791183,,0.0,0.5010752688172043,0.07457627118644068,,0.4908536585365937,,,,
0.4329004329004329,,,,0.0,,0.3333333333333333,0.1251845390498441,,,0.0,0.5126050420168067,0.3063063063063063,0.0,,,0.999999993791183,,0.0,0.5010752688172043,0.07457627118644068,,0.4634146341463463,,,,
0.4329004329004329,,,,0.0,,0.3333333333333333,0.1251845390498441,,,0.0,0.5126050420168067,0.3063063063063063,0.0,,,0.999999993791183,,0.0,0.5010752688172043,0.07457627118644068,,0.4634146341463463,,,,
0.4329004329004329,,,,0.0,,0.3333333333333333,0.1251845390498441,,,0.0,0.5126050420168067,0.3063063063063063,0.0,,,0.999999993791183,,0.0,0.5010752688172043,0.07457627118644068,,0.4634146341463463,,,,
0.4329004329004329,,,,0.0,,0.3333333333333333,0.1251845390498441,,,0.0,0.5126050420168067,0.3063063063063063,0.0,,,0.999999993791183,,0.0,0.5010752688172043,0.07457627118644068,,0.4634146341463463,,,,
0.4329004329004329,,,,0.0,,0.3333333333333333,0.1251845390498441,,,0.0,0.5126050420168067,0.3063063063063063,0.0,,,0.999999993791183,,0.0,0.5010752688172043,0.07457627118644068,,0.4634146341463463,,,,
0.4329004329004329,,,,0.0,,0.3333333333333333,0.1251845390498441,,,0.0,0.5126050420168067,0.3063063063063063,0.0,,,0.999999993791183,,0.0,0.5010752688172043,0.07457627118644068,,0.4634146341463463,,,,
0.4329004329004329,,,,0.0,,0.3333333333333333,0.1251845390498441,,,0.0,0.5126050420168067,0.3063063063063063,0.0,,,0.999999993791183,,0.0,0.5010752688172043,0.07457627118644068,,0.4634146341463463,,,,
0.48773448773448774,,,,0.0,,0.6666666666666667,0.9999643966240633,,,0.0,0.5126050420168067,0.3063063063063063,0.0,,,1.0,,0.0,0.5010752688172043,0.07457627118644068,,0.5152439024390105,,,,
0.4906204906204906,,,,0.0,,0.6666666666666667,0.12373278070346133,,,0.0,0.5126050420168067,0.3063063063063063,0.0,,,0.999999993791183,,0.0,0.5010752688172043,0.07457627118644068,,0.5182926829268126,,,,
0.4935064935064935,,,,1.0,,0.6666666666666667,0.1251845390498441,,,0.5086206896551724,0.5714285714285714,0.43243243243243246,0.03333333333333333,,,1.0,,0.0,0.5010752688172043,0.09152542372881356,,0.5213414634146147,,,,
0.4963924963924964,,,,0.0,,0.6666666666666667,0.1251845390498441,,,0.0,0.5126050420168067,0.3063063063063063,0.0,,,1.0,,0.0,0.5010752688172043,0.07457627118644068,,0.5243902439024453,,,,
0.4992784992784993,,,,1.0,,0.6666666666666667,0.06209842614662821,,,0.5172413793103449,0.588235294117647,0.43243243243243246,0.3,,,0.999999993791183,,0.0,0.535483870967742,0.36610169491525424,,0.5274390243902474,,,,
0.4329004329004329,,,,0.0,,0.3333333333333333,0.1251845390498441,,,0.0,0.5126050420168067,0.3063063063063063,0.0,,,0.999999993791183,,0.0,0.5010752688172043,0.07457627118644068,,0.4634146341463463,,,,
0.4329004329004329,,,,0.0,,0.3333333333333333,0.1251845390498441,,,0.0,0.5126050420168067,0.3063063063063063,0.0,,,0.999999993791183,,0.0,0.5010752688172043,0.07457627118644068,,0.4634146341463463,,,,
0.4329004329004329,,,,0.0,,0.3333333333333333,0.1251845390498441,,,0.0,0.5126050420168067,0.3063063063063063,0.0,,,0.999999993791183,,0.0,0.5010752688172043,0.07457627118644068,,0.4634146341463463,,,,
0.4329004329004329,,,,0.0,,0.3333333333333333,0.1251845390498441,,,0.0,0.5126050420168067,0.3063063063063063,0.0,,,0.999999993791183,,0.0,0.5010752688172043,0.07457627118644068,,0.4634146341463463,,,,
0.5079365079365079,,,,1.0,,0.6666666666666667,0.9999643966240633,,,0.5258620689655172,0.588235294117647,0.45045045045045046,0.06666666666666667,,,1.0,,0.0,0.5483870967741936,0.09152542372881356,,0.5426829268292579,,,,
0.5093795093795094,,,,0.0,,0.6666666666666667,0.9982229004597133,,,0.0,0.5126050420168067,0.3063063063063063,0.0,,,1.0,,0.0,0.5010752688172043,0.07457627118644068,,0.54573170731706,,,,
0.5122655122655123,,,,0.0,,0.6666666666666667,0.12420667391420447,,,0.0,0.5126050420168067,0.3063063063063063,0.0,,,0.999999993791183,,0.0,0.5010752688172043,0.07457627118644068,,0.5487804878048621,,,,
0.4329004329004329,,,,0.0,,0.3333333333333333,0.1251845390498441,,,0.0,0.5126050420168067,0.3063063063063063,0.0,,,0.999999993791183,,0.0,0.5010752688172043,0.07457627118644068,,0.4634146341463463,,,,
0.4329004329004329,,,,0.0,,0.3333333333333333,0.1251845390498441,,,0.0,0.5126050420168067,0.3063063063063063,0.0,,,0.999999993791183,,0.0,0.5010752688172043,0.07457627118644068,,0.4634146341463463,,,,
0.5180375180375181,,,,0.0,,0.6666666666666667,0.1244270465342262,,,0.0,0.5126050420168067,0.3063063063063063,0.0,,,0.999999993791183,,0.0,0.5010752688172043,0.07457627118644068,,0.5579268292682968,,,,
0.4329004329004329,,,,0.0,,0.3333333333333333,0.1251845390498441,,,0.0,0.5126050420168067,0.3063063063063063,0.0,,,0.999999993791183,,0.0,0.5010752688172043,0.07457627118644068,,0.4634146341463463,,,,
0.4329004329004329,,,,0.0,,0.3333333333333333,0.1251845390498441,,,0.0,0.5126050420168067,0.3063063063063063,0.0,,,0.999999993791183,,0.0,0.5010752688172043,0.07457627118644068,,0.4634146341463463,,,,
0.5238095238095238,,,,0.0,,0.6666666666666667,0.1251845390498441,,,0.0,0.5126050420168067,0.3063063063063063,0.0,,,1.0,,0.0,0.5010752688172043,0.07457627118644068,,0.5670731707317032,,,,
0.5310245310245311,,,,1.0,,0.6666666666666667,0.1251845390498441,,,0.5387931034482758,0.5966386554621848,0.46846846846846846,0.4,,,1.0,,0.0,0.6,0.4677966101694915,,0.5701219512195053,,,,
0.5367965367965368,,,,0.0,,0.6666666666666667,0.9999809706094132,,,0.0,0.5126050420168067,0.3063063063063063,0.0,,,1.0,,0.0,0.5010752688172043,0.07457627118644068,,0.5731707317073074,,,,
0.5425685425685426,,,,0.0,,0.6666666666666667,0.9999809706094132,,,0.0,0.5126050420168067,0.3063063063063063,0.0,,,1.0,,0.0,0.5010752688172043,0.07457627118644068,,0.5762195121951095,,,,
0.5454545454545454,,,,0.0,,0.6666666666666667,0.1244270465342262,,,0.0,0.5126050420168067,0.3063063063063063,0.0,,,0.999999993791183,,0.0,0.5010752688172043,0.07457627118644068,,0.5792682926829116,,,,
0.5468975468975469,,,,0.0,,0.6666666666666667,0.9982229004597133,,,0.0,0.5126050420168067,0.3063063063063063,0.0,,,1.0,,0.0,0.5010752688172043,0.07457627118644068,,0.5823170731707137,,,,
0.4329004329004329,,,,0.0,,0.3333333333333333,0.1251845390498441,,,0.0,0.5126050420168067,0.3063063063063063,0.0,,,0.999999993791183,,0.0,0.5010752688172043,0.07457627118644068,,0.4634146341463463,,,,
0.4329004329004329,,,,0.0,,0.3333333333333333,0.1251845390498441,,,0.0,0.5126050420168067,0.3063063063063063,0.0,,,0.999999993791183,,0.0,0.5010752688172043,0.07457627118644068,,0.4634146341463463,,,,
0.4329004329004329,,,,0.0,,0.3333333333333333,0.1251845390498441,,,0.0,0.5126050420168067,0.3063063063063063,0.0,,,0.999999993791183,,0.0,0.5010752688172043,0.07457627118644068,,0.4634146341463463,,,,
0.4329004329004329,,,,0.0,,0.3333333333333333,0.1251845390498441,,,0.0,0.5126050420168067,0.3063063063063063,0.0,,,0.999999993791183,,0.0,0.5010752688172043,0.07457627118644068,,0.4634146341463463,,,,
0.4329004329004329,,,,0.0,,0.3333333333333333,0.1251845390498441,,,0.0,0.5126050420168067,0.3063063063063063,0.0,,,0.999999993791183,,0.0,0.5010752688172043,0.07457627118644068,,0.4634146341463463,,,,
0.4329004329004329,,,,0.0,,0.3333333333333333,0.1251845390498441,,,0.0,0.5126050420168067,0.3063063063063063,0.0,,,0.999999993791183,,0.0,0.5010752688172043,0.07457627118644068,,0.4634146341463463,,,,
0.4329004329004329,,,,0.0,,0.3333333333333333,0.1251845390498441,,,0.0,0.5126050420168067,0.3063063063063063,0.0,,,0.999999993791183,,0.0,0.5010752688172043,0.07457627118644068,,0.4634146341463463,,,,
0.4329004329004329,,,,0.0,,0.3333333333333333,0.1251845390498441,,,0.0,0.5126050420168067,0.3063063063063063,0.0,,,0.999999993791183,,0.0,0.5010752688172043,0.07457627118644068,,0.4634146341463463,,,,
0.4329004329004329,,,,0.0,,0.3333333333333333,0.1251845390498441,,,0.0,0.5126050420168067,0.3063063063063063,0.0,,,0.999999993791183,,0.0,0.5010752688172043,0.07457627118644068,,0.4634146341463463,,,,
0.5772005772005772,,,,1.0,,0.6666666666666667,0.06209842614662821,,,0.5775862068965517,0.6554621848739495,0.48648648648648646,0.0,,,0.999999993791183,,0.0,0.5075268817204301,0.07457627118644068,,0.6128048780487632,,,,
0.5800865800865801,,,,0.0,,0.6666666666666667,0.12398323203763645,,,0.0,0.5126050420168067,0.3063063063063063,0.0,,,0.999999993791183,,0.0,0.5010752688172043,0.07457627118644068,,0.6158536585365937,,,,
0.4329004329004329,,,,0.0,,0.3333333333333333,0.1251845390498441,,,0.0,0.5126050420168067,0.3063063063063063,0.0,,,0.999999993791183,,0.0,0.5010752688172043,0.07457627118644068,,0.4634146341463463,,,,
0.4329004329004329,,,,0.0,,0.3333333333333333,0.1251845390498441,,,0.0,0.5126050420168067,0.3063063063063063,0.0,,,0.999999993791183,,0.0,0.5010752688172043,0.07457627118644068,,0.4634146341463463,,,,
0.4329004329004329,,,,0.0,,0.3333333333333333,0.1251845390498441,,,0.0,0.5126050420168067,0.3063063063063063,0.0,,,0.999999993791183,,0.0,0.5010752688172043,0.07457627118644068,,0.4634146341463463,,,,
0.4329004329004329,,,,0.0,,0.3333333333333333,0.1251845390498441,,,0.0,0.5126050420168067,0.3063063063063063,0.0,,,0.999999993791183,,0.0,0.5010752688172043,0.07457627118644068,,0.4634146341463463,,,,
0.5930735930735931,,,,0.0,,0.6666666666666667,0.9995752148939971,,,0.0,0.5126050420168067,0.3063063063063063,0.0,,,1.0,,0.0,0.5010752688172043,0.07457627118644068,,0.6310975609756042,,,,
0.5945165945165946,,,,0.0,,0.6666666666666667,0.9995752148939971,,,0.0,0.5126050420168067,0.3063063063063063,0.0,,,1.0,,0.0,0.5010752688172043,0.07457627118644068,,0.6341463414634063,,,,
0.6002886002886003,,,,0.0,,0.6666666666666667,0.1244270465342262,,,0.0,0.5126050420168067,0.3063063063063063,0.0,,,0.999999993791183,,0.0,0.5010752688172043,0.07457627118644068,,0.6371951219512084,,,,
0.4329004329004329,,,,0.0,,0.3333333333333333,0.1251845390498441,,,0.0,0.5126050420168067,0.3063063063063063,0.0,,,0.999999993791183,,0.0,0.5010752688172043,0.07457627118644068,,0.4634146341463463,,,,
0.4329004329004329,,,,0.0,,0.3333333333333333,0.1251845390498441,,,0.0,0.5126050420168067,0.3063063063063063,0.0,,,0.999999993791183,,0.0,0.5010752688172043,0.07457627118644068,,0.4634146341463463,,,,
0.6118326118326118,,,,0.0,,0.6666666666666667,0.9995752148939971,,,0.0,0.5126050420168067,0.3063063063063063,0.0,,,1.0,,0.0,0.5010752688172043,0.07457627118644068,,0.6463414634146147,,,,
0.4329004329004329,,,,0.0,,0.3333333333333333,0.1251845390498441,,,0.0,0.5126050420168067,0.3063063063063063,0.0,,,0.999999993791183,,0.0,0.5010752688172043,0.07457627118644068,,0.4634146341463463,,,,
0.4329004329004329,,,,0.0,,0.3333333333333333,0.1251845390498441,,,0.0,0.5126050420168067,0.3063063063063063,0.0,,,0.999999993791183,,0.0,0.5010752688172043,0.07457627118644068,,0.4634146341463463,,,,
0.6233766233766234,,,,1.0,,0.6666666666666667,0.12373278070346133,,,0.6120689655172413,0.7058823529411764,0.5045045045045045,0.03333333333333333,,,0.999999993791183,,0.0,0.513978494623656,0.07796610169491526,,0.6554878048780495,,,,
0.4329004329004329,,,,0.0,,0.3333333333333333,0.1251845390498441,,,0.0,0.5126050420168067,0.3063063063063063,0.0,,,0.999999993791183,,0.0,0.5010752688172043,0.07457627118644068,,0.4634146341463463,,,,
0.4329004329004329,,,,0.0,,0.3333333333333333,0.1251845390498441,,,0.0,0.5126050420168067,0.3063063063063063,0.0,,,0.999999993791183,,0.0,0.5010752688172043,0.07457627118644068,,0.4634146341463463,,,,
0.4329004329004329,,,,0.0,,0.3333333333333333,0.1251845390498441,,,0.0,0.5126050420168067,0.3063063063063063,0.0,,,0.999999993791183,,0.0,0.5010752688172043,0.07457627118644068,,0.4634146341463463,,,,
0.4329004329004329,,,,0.0,,0.3333333333333333,0.1251845390498441,,,0.0,0.5126050420168067,0.3063063063063063,0.0,,,0.999999993791183,,0.0,0.5010752688172043,0.07457627118644068,,0.4634146341463463,,,,
0.6378066378066378,,,,1.0,,0.6666666666666667,0.9995752148939971,,,0.6336206896551724,0.7058823529411764,0.5495495495495496,0.06666666666666667,,,1.0,,0.0,0.4774193548387097,0.11864406779661017,,0.67073170731706,,,,
0.6392496392496393,,,,0.0,,0.6666666666666667,0.1244270465342262,,,0.0,0.5126050420168067,0.3063063063063063,0.0,,,0.999999993791183,,0.0,0.5010752688172043,0.07457627118644068,,0.6737804878048621,,,,
0.6421356421356421,,,,0.0,,0.6666666666666667,1.0,,,0.0,0.5126050420168067,0.3063063063063063,0.0,,,1.0,,0.0,0.5010752688172043,0.07457627118644068,,0.6768292682926642,,,,
0.4329004329004329,,,,0.0,,0.3333333333333333,0.1251845390498441,,,0.0,0.5126050420168067,0.3063063063063063,0.0,,,0.999999993791183,,0.0,0.5010752688172043,0.07457627118644068,,0.4634146341463463,,,,
0.4329004329004329,,,,0.0,,0.3333333333333333,0.1251845390498441,,,0.0,0.5126050420168067,0.3063063063063063,0.0,,,0.999999993791183,,0.0,0.5010752688172043,0.07457627118644068,,0.4634146341463463,,,,
0.6493506493506493,,,,1.0,,0.6666666666666667,0.9999447533821673,,,0.646551724137931,0.7058823529411764,0.5765765765765766,0.0,,,1.0,,0.0,0.9913978494623656,0.03728813559322034,,0.685975609756099,,,,
0.6565656565656566,,,,1.0,,0.6666666666666667,0.12398323203763645,,,0.6594827586206896,0.7310924369747899,0.5765765765765766,0.8,,,0.999999993791183,,0.0,0.9978494623655914,0.23389830508474574,,0.689024390243901,,,,
0.6594516594516595,,,,0.0,,0.6666666666666667,0.9992394382278358,,,0.0,0.5126050420168067,0.3063063063063063,0.0,,,0.999999993791183,,0.0,0.5010752688172043,0.07457627118644068,,0.6920731707317032,,,,
0.4329004329004329,,,,0.0,,0.3333333333333333,0.1251845390498441,,,0.0,0.5126050420168067,0.3063063063063063,0.0,,,0.999999993791183,,0.0,0.5010752688172043,0.07457627118644068,,0.4634146341463463,,,,
0.4329004329004329,,,,0.0,,0.3333333333333333,0.1251845390498441,,,0.0,0.5126050420168067,0.3063063063063063,0.0,,,0.999999993791183,,0.0,0.5010752688172043,0.07457627118644068,,0.4634146341463463,,,,
0.6681096681096681,,,,0.0,,0.6666666666666667,0.9992394382278358,,,0.0,0.5126050420168067,0.3063063063063063,0.0,,,0.999999993791183,,0.0,0.5010752688172043,0.07457627118644068,,0.7012195121951095,,,,
0.4329004329004329,,,,0.0,,0.3333333333333333,0.1251845390498441,,,0.0,0.5126050420168067,0.3063063063063063,0.0,,,0.999999993791183,,0.0,0.5010752688172043,0.07457627118644068,,0.4634146341463463,,,,
0.4329004329004329,,,,0.0,,0.3333333333333333,0.1251845390498441,,,0.0,0.5126050420168067,0.3063063063063063,0.0,,,0.999999993791183,,0.0,0.5010752688172043,0.07457627118644068,,0.4634146341463463,,,,
0.4329004329004329,,,,0.0,,0.3333333333333333,0.1251845390498441,,,0.0,0.5126050420168067,0.3063063063063063,0.0,,,0.999999993791183,,0.0,0.5010752688172043,0.07457627118644068,,0.4634146341463463,,,,
0.4329004329004329,,,,0.0,,0.3333333333333333,0.1251845390498441,,,0.0,0.5126050420168067,0.3063063063063063,0.0,,,0.999999993791183,,0.0,0.5010752688172043,0.07457627118644068,,0.4634146341463463,,,,
0.6883116883116883,,,,0.0,,0.6666666666666667,0.12398323203763645,,,0.0,0.5126050420168067,0.3063063063063063,0.0,,,0.999999993791183,,0.0,0.5010752688172043,0.07457627118644068,,0.7164634146341484,,,,
0.4329004329004329,,,,0.0,,0.3333333333333333,0.1251845390498441,,,0.0,0.5126050420168067,0.3063063063063063,0.0,,,0.999999993791183,,0.0,0.5010752688172043,0.07457627118644068,,0.4634146341463463,,,,
0.4329004329004329,,,,0.0,,0.3333333333333333,0.1251845390498441,,,0.0,0.5126050420168067,0.3063063063063063,0.0,,,0.999999993791183,,0.0,0.5010752688172043,0.07457627118644068,,0.4634146341463463,,,,
0.7012987012987013,,,,0.0,,0.6666666666666667,0.9995752148939971,,,0.0,0.5126050420168067,0.3063063063063063,0.0,,,1.0,,0.0,0.5010752688172043,0.07457627118644068,,0.7256097560975547,,,,
0.7027417027417028,,,,1.0,,0.6666666666666667,0.001250415116947882,,,0.6982758620689655,0.7310924369747899,0.6576576576576576,0.36666666666666664,,,1.0,,0.0,0.5010752688172043,0.4406779661016949,,0.7286585365853568,,,,
0.7041847041847042,,,,0.0,,0.6666666666666667,0.9999447533821673,,,0.0,0.5126050420168067,0.3063063063063063,0.0,,,1.0,,0.0,0.5010752688172043,0.07457627118644068,,0.731707317073159,,,,
0.4329004329004329,,,,0.0,,0.3333333333333333,0.1251845390498441,,,0.0,0.5126050420168067,0.3063063063063063,0.0,,,0.999999993791183,,0.0,0.5010752688172043,0.07457627118644068,,0.4634146341463463,,,,
0.4329004329004329,,,,0.0,,0.3333333333333333,0.1251845390498441,,,0.0,0.5126050420168067,0.3063063063063063,0.0,,,0.999999993791183,,0.0,0.5010752688172043,0.07457627118644068,,0.4634146341463463,,,,
0.4329004329004329,,,,0.0,,0.3333333333333333,0.1251845390498441,,,0.0,0.5126050420168067,0.3063063063063063,0.0,,,0.999999993791183,,0.0,0.5010752688172043,0.07457627118644068,,0.4634146341463463,,,,
0.7215007215007215,,,,1.0,,0.6666666666666667,0.001250415116947882,,,0.7198275862068966,0.7478991596638654,0.6846846846846847,0.8666666666666667,,,1.0,,0.0,0.89247311827957,0.711864406779661,,0.7439024390243958,,,,
0.4329004329004329,,,,0.0,,0.3333333333333333,0.1251845390498441,,,0.0,0.5126050420168067,0.3063063063063063,0.0,,,0.999999993791183,,0.0,0.5010752688172043,0.07457627118644068,,0.4634146341463463,,,,
0.4329004329004329,,,,0.0,,0.3333333333333333,0.1251845390498441,,,0.0,0.5126050420168067,0.3063063063063063,0.0,,,0.999999993791183,,0.0,0.5010752688172043,0.07457627118644068,,0.4634146341463463,,,,
0.7287157287157288,,,,1.0,,0.6666666666666667,0.9995752148939971,,,0.728448275862069,0.7478991596638654,0.7027027027027027,0.0,,,1.0,,0.0,0.49677419354838714,0.06779661016949153,,0.7530487804878021,,,,
0.7301587301587301,,,,1.0,,0.6666666666666667,0.062091059930917174,,,0.0,0.5126050420168067,0.3063063063063063,1.0,,,0.999999993791183,,0.0,0.7591397849462366,1.0,,0.7560975609756042,,,,
0.733044733044733,,,,0.0,,0.6666666666666667,0.0,,,0.728448275862069,0.7478991596638654,0.7027027027027027,0.0,,,0.0,,0.0,0.5010752688172043,0.07457627118644068,,0.7591463414634063,,,,
0.7402597402597403,,,,0.0,,1.0,0.12398323203763645,,,0.0,0.5126050420168067,0.3063063063063063,0.0,,,0.999999993791183,,0.0,0.5010752688172043,0.07457627118644068,,0.7621951219512084,,,,
0.7431457431457431,,,,1.0,,1.0,0.9999447533821673,,,0.7370689655172413,0.7478991596638654,0.7207207207207207,0.03333333333333333,,,1.0,,0.0,0.4817204301075269,0.0847457627118644,,0.7652439024390105,,,,
0.746031746031746,,,,0.0,,1.0,0.9999447533821673,,,0.0,0.5126050420168067,0.3063063063063063,0.0,,,1.0,,0.0,0.5010752688172043,0.07457627118644068,,0.7682926829268126,,,,
0.4329004329004329,,,,0.0,,0.3333333333333333,0.1251845390498441,,,0.0,0.5126050420168067,0.3063063063063063,0.0,,,0.999999993791183,,0.0,0.5010752688172043,0.07457627118644068,,0.4634146341463463,,,,
0.4329004329004329,,,,0.0,,0.3333333333333333,0.1251845390498441,,,0.0,0.5126050420168067,0.3063063063063063,0.0,,,0.999999993791183,,0.0,0.5010752688172043,0.07457627118644068,,0.4634146341463463,,,,
0.4329004329004329,,,,0.0,,0.3333333333333333,0.1251845390498441,,,0.0,0.5126050420168067,0.3063063063063063,0.0,,,0.999999993791183,,0.0,0.5010752688172043,0.07457627118644068,,0.4634146341463463,,,,
0.4329004329004329,,,,0.0,,0.3333333333333333,0.1251845390498441,,,0.0,0.5126050420168067,0.3063063063063063,0.0,,,0.999999993791183,,0.0,0.5010752688172043,0.07457627118644068,,0.4634146341463463,,,,
0.4329004329004329,,,,0.0,,0.3333333333333333,0.1251845390498441,,,0.0,0.5126050420168067,0.3063063063063063,0.0,,,0.999999993791183,,0.0,0.5010752688172043,0.07457627118644068,,0.4634146341463463,,,,
0.4329004329004329,,,,0.0,,0.3333333333333333,0.1251845390498441,,,0.0,0.5126050420168067,0.3063063063063063,0.0,,,0.999999993791183,,0.0,0.5010752688172043,0.07457627118644068,,0.4634146341463463,,,,
0.4329004329004329,,,,0.0,,0.3333333333333333,0.1251845390498441,,,0.0,0.5126050420168067,0.3063063063063063,0.0,,,0.999999993791183,,0.0,0.5010752688172043,0.07457627118644068,,0.4634146341463463,,,,
0.7676767676767677,,,,0.0,,1.0,0.9995752148939971,,,0.0,0.5126050420168067,0.3063063063063063,0.0,,,1.0,,0.0,0.5010752688172043,0.07457627118644068,,0.7926829268292579,,,,
0.7705627705627706,,,,1.0,,1.0,0.9992394382278358,,,0.7456896551724138,0.7647058823529411,0.7207207207207207,0.03333333333333333,,,0.999999993791183,,0.0,0.5075268817204301,0.057627118644067804,,0.79573170731706,,,,
0.7734487734487735,,,,0.0,,1.0,1.0,,,0.0,0.5126050420168067,0.3063063063063063,0.0,,,1.0,,0.0,0.5010752688172043,0.07457627118644068,,0.7987804878048621,,,,
0.4329004329004329,,,,0.0,,0.3333333333333333,0.1251845390498441,,,0.0,0.5126050420168067,0.3063063063063063,0.0,,,0.999999993791183,,0.0,0.5010752688172043,0.07457627118644068,,0.4634146341463463,,,,
0.4329004329004329,,,,0.0,,0.3333333333333333,0.1251845390498441,,,0.0,0.5126050420168067,0.3063063063063063,0.0,,,0.999999993791183,,0.0,0.5010752688172043,0.07457627118644068,,0.4634146341463463,,,,
0.7821067821067821,,,,1.0,,1.0,0.9982192173518577,,,0.7672413793103449,0.7899159663865546,0.7387387387387387,0.03333333333333333,,,1.0,,0.0,0.4838709677419355,0.10847457627118645,,0.8079268292682968,,,,
0.784992784992785,,,,0.0,,1.0,0.12373278070346133,,,0.0,0.5126050420168067,0.3063063063063063,0.0,,,0.999999993791183,,0.0,0.5010752688172043,0.07457627118644068,,0.810975609756099,,,,
0.7878787878787878,,,,0.0,,1.0,0.9982136926900744,,,0.0,0.5126050420168067,0.3063063063063063,0.0,,,0.999999993791183,,0.0,0.5010752688172043,0.07457627118644068,,0.814024390243901,,,,
0.7965367965367965,,,,0.0,,1.0,0.9992394382278358,,,0.0,0.5126050420168067,0.3063063063063063,0.0,,,0.999999993791183,,0.0,0.5010752688172043,0.07457627118644068,,0.8170731707317032,,,,
0.8037518037518038,,,,0.0,,1.0,0.12420667391420447,,,0.0,0.5126050420168067,0.3063063063063063,0.0,,,0.999999993791183,,0.0,0.5010752688172043,0.07457627118644068,,0.8201219512195053,,,,
0.8095238095238095,,,,0.0,,1.0,0.001250415116947882,,,0.0,0.5126050420168067,0.3063063063063063,0.0,,,1.0,,0.0,0.5010752688172043,0.07457627118644068,,0.8231707317073074,,,,
0.4329004329004329,,,,0.0,,0.3333333333333333,0.1251845390498441,,,0.0,0.5126050420168067,0.3063063063063063,0.0,,,0.999999993791183,,0.0,0.5010752688172043,0.07457627118644068,,0.4634146341463463,,,,
0.4329004329004329,,,,0.0,,0.3333333333333333,0.1251845390498441,,,0.0,0.5126050420168067,0.3063063063063063,0.0,,,0.999999993791183,,0.0,0.5010752688172043,0.07457627118644068,,0.4634146341463463,,,,
0.8196248196248196,,,,0.0,,1.0,0.12420667391420447,,,0.0,0.5126050420168067,0.3063063063063063,0.0,,,0.999999993791183,,0.0,0.5010752688172043,0.07457627118644068,,0.8323170731707137,,,,
0.4329004329004329,,,,0.0,,0.3333333333333333,0.1251845390498441,,,0.0,0.5126050420168067,0.3063063063063063,0.0,,,0.999999993791183,,0.0,0.5010752688172043,0.07457627118644068,,0.4634146341463463,,,,
0.4329004329004329,,,,0.0,,0.3333333333333333,0.1251845390498441,,,0.0,0.5126050420168067,0.3063063063063063,0.0,,,0.999999993791183,,0.0,0.5010752688172043,0.07457627118644068,,0.4634146341463463,,,,
0.834054834054834,,,,1.0,,1.0,0.9982136926900744,,,0.8060344827586207,0.8319327731092436,0.7747747747747747,0.03333333333333333,,,0.999999993791183,,0.0,0.5053763440860215,0.09491525423728814,,0.8414634146341484,,,,
0.8412698412698413,,,,1.0,,1.0,0.9982216727570947,,,0.0,0.5126050420168067,0.3063063063063063,0.1,,,1.0,,0.0,0.4623655913978495,0.1423728813559322,,0.8445121951219505,,,,
0.847041847041847,,,,1.0,,1.0,0.9982192173518577,,,0.814655172413793,0.8319327731092436,0.7927927927927928,0.2,,,1.0,,0.0,0.5548387096774193,0.2745762711864407,,0.8475609756097526,,,,
0.8484848484848485,,,,1.0,,1.0,0.062091059930917174,,,0.8232758620689655,0.8487394957983192,0.7927927927927928,0.2,,,0.999999993791183,,0.0,0.6150537634408603,0.13220338983050847,,0.8506097560975547,,,,
0.8513708513708513,,,,0.0,,1.0,0.12398323203763645,,,0.0,0.5126050420168067,0.3063063063063063,0.0,,,0.999999993791183,,0.0,0.5010752688172043,0.07457627118644068,,0.8536585365853568,,,,
0.4329004329004329,,,,0.0,,0.3333333333333333,0.1251845390498441,,,0.0,0.5126050420168067,0.3063063063063063,0.0,,,0.999999993791183,,0.0,0.5010752688172043,0.07457627118644068,,0.4634146341463463,,,,
0.4329004329004329,,,,0.0,,0.3333333333333333,0.1251845390498441,,,0.0,0.5126050420168067,0.3063063063063063,0.0,,,0.999999993791183,,0.0,0.5010752688172043,0.07457627118644068,,0.4634146341463463,,,,
0.4329004329004329,,,,0.0,,0.3333333333333333,0.1251845390498441,,,0.0,0.5126050420168067,0.3063063063063063,0.0,,,0.999999993791183,,0.0,0.5010752688172043,0.07457627118644068,,0.4634146341463463,,,,
0.4329004329004329,,,,0.0,,0.3333333333333333,0.1251845390498441,,,0.0,0.5126050420168067,0.3063063063063063,0.0,,,0.999999993791183,,0.0,0.5010752688172043,0.07457627118644068,,0.4634146341463463,,,,
0.8658008658008658,,,,1.0,,1.0,0.9982136926900744,,,0.8362068965517241,0.8655462184873949,0.8018018018018018,0.13333333333333333,,,0.999999993791183,,0.0,0.4731182795698925,0.2033898305084746,,0.8689024390243958,,,,
0.8686868686868687,,,,0.0,,1.0,0.1244270465342262,,,0.0,0.5126050420168067,0.3063063063063063,0.0,,,0.999999993791183,,0.0,0.5010752688172043,0.07457627118644068,,0.8719512195121979,,,,
0.8744588744588745,,,,0.0,,1.0,0.9982216727570947,,,0.0,0.5126050420168067,0.3063063063063063,0.0,,,1.0,,0.0,0.5010752688172043,0.07457627118644068,,0.875,,,,
0.8845598845598845,,,,1.0,,1.0,0.9982229004597133,,,0.8577586206896551,0.8739495798319327,0.8378378378378378,0.26666666666666666,,,1.0,,0.0,0.6430107526881721,0.23389830508474574,,0.8780487804878021,,,,
0.4329004329004329,,,,0.0,,0.3333333333333333,0.1251845390498441,,,0.0,0.5126050420168067,0.3063063063063063,0.0,,,0.999999993791183,,0.0,0.5010752688172043,0.07457627118644068,,0.4634146341463463,,,,
0.4329004329004329,,,,0.0,,0.3333333333333333,0.1251845390498441,,,0.0,0.5126050420168067,0.3063063063063063,0.0,,,0.999999993791183,,0.0,0.5010752688172043,0.07457627118644068,,0.4634146341463463,,,,
0.4329004329004329,,,,0.0,,0.3333333333333333,0.1251845390498441,,,0.0,0.5126050420168067,0.3063063063063063,0.0,,,0.999999993791183,,0.0,0.5010752688172043,0.07457627118644068,,0.4634146341463463,,,,
0.4329004329004329,,,,0.0,,0.3333333333333333,0.1251845390498441,,,0.0,0.5126050420168067,0.3063063063063063,0.0,,,0.999999993791183,,0.0,0.5010752688172043,0.07457627118644068,,0.4634146341463463,,,,
0.4329004329004329,,,,0.0,,0.3333333333333333,0.1251845390498441,,,0.0,0.5126050420168067,0.3063063063063063,0.0,,,0.999999993791183,,0.0,0.5010752688172043,0.07457627118644068,,0.4634146341463463,,,,
0.4329004329004329,,,,0.0,,0.3333333333333333,0.1251845390498441,,,0.0,0.5126050420168067,0.3063063063063063,0.0,,,0.999999993791183,,0.0,0.5010752688172043,0.07457627118644068,,0.4634146341463463,,,,
0.4329004329004329,,,,0.0,,0.3333333333333333,0.1251845390498441,,,0.0,0.5126050420168067,0.3063063063063063,0.0,,,0.999999993791183,,0.0,0.5010752688172043,0.07457627118644068,,0.4634146341463463,,,,
0.9033189033189033,,,,1.0,,1.0,0.06209842614662821,,,0.8793103448275862,0.9159663865546217,0.8378378378378378,0.03333333333333333,,,0.999999993791183,,0.0,0.5204301075268818,0.09491525423728814,,0.9024390243902474,,,,
0.9062049062049062,,,,1.0,,1.0,0.9999809706094132,,,0.8879310344827586,0.9159663865546217,0.8558558558558559,0.13333333333333333,,,1.0,,0.0,0.5204301075268818,0.22033898305084748,,0.9054878048780495,,,,
0.9090909090909091,,,,0.0,,1.0,0.062091059930917174,,,0.0,0.5126050420168067,0.3063063063063063,0.0,,,0.999999993791183,,0.0,0.5010752688172043,0.07457627118644068,,0.9085365853658516,,,,
0.4329004329004329,,,,0.0,,0.3333333333333333,0.1251845390498441,,,0.0,0.5126050420168067,0.3063063063063063,0.0,,,0.999999993791183,,0.0,0.5010752688172043,0.07457627118644068,,0.4634146341463463,,,,
0.4329004329004329,,,,0.0,,0.3333333333333333,0.1251845390498441,,,0.0,0.5126050420168067,0.3063063063063063,0.0,,,0.999999993791183,,0.0,0.5010752688172043,0.07457627118644068,,0.4634146341463463,,,,
0.9134199134199135,,,,1.0,,1.0,0.12398323203763645,,,0.9008620689655172,0.9411764705882352,0.8558558558558559,0.8333333333333334,,,0.999999993791183,,0.0,0.7053763440860216,0.8711864406779661,,0.9176829268292579,,,,
0.922077922077922,,,,1.0,,1.0,0.1251845390498441,,,0.9094827586206896,0.9411764705882352,0.8738738738738738,0.43333333333333335,,,1.0,,0.0,0.21290322580645166,0.04745762711864407,,0.92073170731706,,,,
0.4329004329004329,,,,0.0,,0.3333333333333333,0.1251845390498441,,,0.0,0.5126050420168067,0.3063063063063063,0.0,,,0.999999993791183,,0.0,0.5010752688172043,0.07457627118644068,,0.4634146341463463,,,,
0.4329004329004329,,,,0.0,,0.3333333333333333,0.1251845390498441,,,0.0,0.5126050420168067,0.3063063063063063,0.0,,,0.999999993791183,,0.0,0.5010752688172043,0.07457627118644068,,0.4634146341463463,,,,
0.4329004329004329,,,,0.0,,0.3333333333333333,0.1251845390498441,,,0.0,0.5126050420168067,0.3063063063063063,0.0,,,0.999999993791183,,0.0,0.5010752688172043,0.07457627118644068,,0.4634146341463463,,,,
0.4329004329004329,,,,0.0,,0.3333333333333333,0.1251845390498441,,,0.0,0.5126050420168067,0.3063063063063063,0.0,,,0.999999993791183,,0.0,0.5010752688172043,0.07457627118644068,,0.4634146341463463,,,,
0.9307359307359307,,,,1.0,,1.0,0.9982216727570947,,,0.9181034482758621,0.9411764705882352,0.8918918918918919,0.06666666666666667,,,1.0,,0.0,0.5440860215053763,0.07796610169491526,,0.935975609756099,,,,
0.9336219336219337,,,,1.0,,1.0,0.12398323203763645,,,0.9267241379310345,0.9579831932773109,0.8918918918918919,0.0,,,0.999999993791183,,0.0,0.4946236559139785,0.0711864406779661,,0.939024390243901,,,,
0.4329004329004329,,,,0.0,,0.3333333333333333,0.1251845390498441,,,0.0,0.5126050420168067,0.3063063063063063,0.0,,,0.999999993791183,,0.0,0.5010752688172043,0.07457627118644068,,0.4634146341463463,,,,
0.4329004329004329,,,,0.0,,0.3333333333333333,0.1251845390498441,,,0.0,0.5126050420168067,0.3063063063063063,0.0,,,0.999999993791183,,0.0,0.5010752688172043,0.07457627118644068,,0.4634146341463463,,,,
0.4329004329004329,,,,0.0,,0.3333333333333333,0.1251845390498441,,,0.0,0.5126050420168067,0.3063063063063063,0.0,,,0.999999993791183,,0.0,0.5010752688172043,0.07457627118644068,,0.4634146341463463,,,,
0.4329004329004329,,,,0.0,,0.3333333333333333,0.1251845390498441,,,0.0,0.5126050420168067,0.3063063063063063,0.0,,,0.999999993791183,,0.0,0.5010752688172043,0.07457627118644068,,0.4634146341463463,,,,
0.9408369408369408,,,,1.0,,1.0,0.06209842614662821,,,0.9353448275862069,0.9747899159663864,0.8918918918918919,0.16666666666666666,,,0.999999993791183,,0.0,0.3913978494623656,0.13898305084745763,,0.9542682926829116,,,,
0.9422799422799423,,,,1.0,,1.0,0.1251845390498441,,,0.9439655172413793,0.9747899159663864,0.9099099099099099,0.03333333333333333,,,1.0,,0.0,0.5161290322580645,0.07457627118644068,,0.9573170731707137,,,,
0.4329004329004329,,,,0.0,,0.3333333333333333,0.1251845390498441,,,0.0,0.5126050420168067,0.3063063063063063,0.0,,,0.999999993791183,,0.0,0.5010752688172043,0.07457627118644068,,0.4634146341463463,,,,
0.4329004329004329,,,,0.0,,0.3333333333333333,0.1251845390498441,,,0.0,0.5126050420168067,0.3063063063063063,0.0,,,0.999999993791183,,0.0,0.5010752688172043,0.07457627118644068,,0.4634146341463463,,,,
0.9552669552669553,,,,0.0,,1.0,0.9999447533821673,,,0.0,0.5126050420168067,0.3063063063063063,0.0,,,1.0,,0.0,0.5010752688172043,0.07457627118644068,,0.9664634146341484,,,,
0.9624819624819625,,,,1.0,,1.0,0.1251845390498441,,,0.9612068965517241,0.9831932773109243,0.9369369369369369,0.8666666666666667,,,1.0,,0.0,0.7075268817204301,0.8949152542372881,,0.9695121951219505,,,,
0.4329004329004329,,,,0.0,,0.3333333333333333,0.1251845390498441,,,0.0,0.5126050420168067,0.3063063063063063,0.0,,,0.999999993791183,,0.0,0.5010752688172043,0.07457627118644068,,0.4634146341463463,,,,
0.4329004329004329,,,,0.0,,0.3333333333333333,0.1251845390498441,,,0.0,0.5126050420168067,0.3063063063063063,0.0,,,0.999999993791183,,0.0,0.5010752688172043,0.07457627118644068,,0.4634146341463463,,,,
0.9682539682539683,,,,1.0,,1.0,0.9982229004597133,,,0.9741379310344828,0.9831932773109243,0.963963963963964,0.8666666666666667,,,1.0,,0.0,0.23440860215053766,0.840677966101695,,0.9786585365853568,,,,
0.9711399711399712,,,,0.0,,1.0,0.9999447533821673,,,0.0,0.5126050420168067,0.3063063063063063,0.0,,,1.0,,0.0,0.5010752688172043,0.07457627118644068,,0.981707317073159,,,,
0.9855699855699855,,,,0.0,,1.0,0.9995985412437487,,,0.0,0.5126050420168067,0.3063063063063063,0.0,,,0.999999993791183,,0.0,0.5010752688172043,0.07457627118644068,,0.984756097560961,,,,
0.9927849927849928,,,,0.0,,1.0,0.9982229004597133,,,0.0,0.5126050420168067,0.3063063063063063,0.0,,,1.0,,0.0,0.5010752688172043,0.07457627118644068,,0.9878048780487632,,,,
0.9942279942279942,,,,1.0,,1.0,0.9982229004597133,,,0.9913793103448276,0.9999999999999999,0.9819819819819819,0.43333333333333335,,,1.0,,0.0,0.49677419354838714,0.5152542372881356,,0.9908536585365937,,,,
0.4329004329004329,,,,0.0,,0.3333333333333333,0.1251845390498441,,,0.0,0.5126050420168067,0.3063063063063063,0.0,,,0.999999993791183,,0.0,0.5010752688172043,0.07457627118644068,,0.4634146341463463,,,,
0.4329004329004329,,,,0.0,,0.3333333333333333,0.1251845390498441,,,0.0,0.5126050420168067,0.3063063063063063,0.0,,,0.999999993791183,,0.0,0.5010752688172043,0.07457627118644068,,0.4634146341463463,,,,
1.0,,,,0.0,,1.0,0.0,,,1.0,0.9999999999999999,1.0,0.0,,,0.0,,0.0,0.5010752688172043,0.07457627118644068,,1.0,,,,
